<?xml version="1.0" encoding="UTF-8"?>
<!DOCTYPE mapper PUBLIC "-//mybatis.org//DTD Mapper 3.0//EN"
  "http://mybatis.org/dtd/mybatis-3-mapper.dtd">
<mapper namespace="green.mapper.BoardMapper">

<!-- ~~~~~~~~~~~~~~~~~~~~~~~~~~~~~~~~~~~~~~~~~~~~~~~~~~~~~~
	 ** PageList 2. searchList 기능 ( Sql문 추가 )   
	=> sql , include Tag 활용 
	=> 조건문 형식을 일원화 : and "searchType 별 조건문" )     -->
	<sql id="search">
		<if test="keyword != null">
			<bind name="keyVal" value="'%'+keyword+'%'"/>
		</if>
		<choose>
			<when test="searchType=='t'.toString()">
				and title LIKE #{keyVal} )
				<!-- and title Like  CONCAT('%',CONCAT(#{keyword},'%')) 
				     and title Like  '%' || #{keyword} || '%' ) -->
			</when>
			<when test="searchType=='c'.toString()">
  				and content Like #{keyVal} )
	  		</when>
		  	<when test="searchType=='i'.toString()">
		  		and id Like #{keyVal} )
		  	</when>
		  	<when test="searchType=='tc'.toString()">
		  		and title Like #{keyVal} 
		  		or content Like #{keyVal} )
		  	</when>
		  	<when test="searchType=='ti'.toString()">
		  		and title Like #{keyVal} 
		  		or id Like #{keyVal} )
		  	</when>
		  	<when test="searchType=='tci'.toString()">
		  		and title Like #{keyVal}
		  		or content Like #{keyVal} 
		  		or id Like #{keyVal} )
		  	</when>
		  	<otherwise>)</otherwise>
		</choose>
	</sql>

	<select id="searchRowsCount" resultType="int">
		select count(*) from board where ( seq>0 
		<include refid="search"></include>	
	</select>
 	<select id="searchList" resultType="vo.BoardVO">
 		select seq,title,id,regdate,cnt,root,step,indent from 
			(select b.*,ROW_NUMBER() OVER(order by root desc, step asc) rnum from board b 
			where seq>0 
			<include refid="search"></include>
			where rnum between #{sno} and #{eno}
	</select>

<!-- ** 답글입력 ~~~~~~~~~~~~~~~~~~~~~~~~~~~ -->	
	<update id="stepUpdate">
		update board set step=step+1 where root=#{root} and step>=#{step}
	</update>
	
<!-- 	<insert id="replyInsert">
		insert into board values (
		(select nvl(max(seq),0)+1 from board)
		,#{title},#{id},#{content},SYSDATE,0,#{root},#{step},#{indent})
	</insert> -->
	
<!-- ** selectKey Test 
=> AutoNumbering 을 편리하게 할 수 있도록 지원
=> DB작업중 먼저 어떤 키값을 가져와서 증가시켜서 입력하거나 혹은 입력후에 증가된 키값을 가져올 필요가 있을때마다.
   selectKey Tag를 이용하면 별도의 쿼리로직 없이 해당 메소드에서 일괄처리할 수가 있음.
   - keyProperty: selectKey구문의 결과가 셋팅될 대상을 지정
    			  ( 즉, 매개변수로 전달된 vo의 컬럼중 결과가 셋팅될 컬럼 선택 ) 	 
   - resultType: 결과의 타입.
   - order: BEFORE 또는 AFTER
            BEFORE로 설정하면 키를 먼저 조회하고 그 값을 keyProperty 에 셋팅한 뒤 insert 구문실행.
            AFTER로 설정하면 insert 구문을 실행한 뒤 selectKey 구문 실행.
            오라클에서는 insert구문 내부에서 일관된 호출형태로 처리한다.
   - statementType: STATEMENT, PREPARED 또는 CALLABLE중 하나 선택가능.
           마이바티스에게 Statement, PreparedStatement 또는 CallableStatement를 사용하게 한다.
           디폴트는 PREPARED.
-->	
	<insert id="replyInsert">
		<selectKey keyProperty="seq" resultType="int" order="BEFORE">
			select nvl(max(seq),0)+1 from board
		</selectKey>
		insert into board values (
			#{seq},
			#{title},#{id},#{content},SYSDATE,0,#{root},#{step},#{indent})
	</insert>  

<!-- ** PageList ~~~~~~~~~~~~~~~~~~~~~~-->
	<select id="totalRowCount" resultType="int">
		select count(*) from board
	</select>
	
	<select id="pageList" resultType="vo.BoardVO">
		select seq,title,id,regdate,cnt,root,step,indent from 
		(select b.* , ROW_NUMBER() OVER(order by root desc, step asc) rnum from board b) 
		where rnum between #{sno} and #{eno}
	</select>

	<select id="selectList" resultType="vo.BoardVO">
		select seq,title,id,regdate,cnt,root,step,indent from 
		board order by root desc, step asc
	</select>
	
	<select id="selectOne" resultType="vo.BoardVO">
		select * from board where seq = #{seq}
	</select>
	
	<!-- ** 조회수증가 -->
	<update id="countUp">
		update board set cnt=cnt+1 where seq=#{seq}
	</update>
	<!-- 원글입력 -->
	<insert id="insert">
		<selectKey keyProperty="seq" resultType="int" order="BEFORE">
			select nvl(max(seq),0)+1 from board
		</selectKey>
		insert into board values ( 
			#{seq},#{title},#{id},#{content},SYSDATE,0,
			#{seq},0,0)
	</insert>
	<!--
 	<insert id="insert">
		insert into board values ( 
			(select nvl(max(seq),0)+1 from board)
			,#{title},#{id},#{content},SYSDATE,0,
			(select nvl(max(seq),0)+1 from board),0,0)
	</insert> -->
	
	<update id="update">
		update board set title=#{title}, content=#{content} where seq=#{seq}
	</update>
	
	<delete id="delete">
		DELETE from board
		<if test="seq==root">where root=#{seq}</if> 
		<!-- 원글삭제 : 동일한 root를 가진 글들은 모두 삭제 -->
		<if test="seq!=root">where seq=#{seq}</if> 
		<!-- 답글삭제 -->
	</delete>

</mapper>