<?xml version="1.0" encoding="UTF-8"?>
<!DOCTYPE mapper PUBLIC "-//mybatis.org//DTD Mapper 3.0//EN"
  "http://mybatis.org/dtd/mybatis-3-mapper.dtd">
  
<mapper namespace="mapperInterface.CalendarMapper">

<select id="selectList" resultType="vo.CalendarVO">
	SELECT * FROM calendar WHERE caid=#{caid}
</select>

<select id="listCount" resultType="integer">
	SELECT COUNT(*) FROM calendar WHERE caid=#{caid}
</select>

<!-- selectDetail 은 현재는 필요없음 -->
<select id="selectOne" resultType="vo.CalendarVO">
	SELECT * FROM calendar WHERE caid=#{caid}
</select>

<insert id="insert">
	INSERT INTO calendar VALUES(#{caid}, #{title}, #{start_date}, #{end_date}, sysdate)
</insert>

<update id="update">
	UPDATE calendar SET start_date=#{start_date}, end_date=#{end_date} WHERE caid=#{caid} AND title=#{title}
</update>

<delete id="delete">
	DELETE calendar WHERE caid=#{caid} AND title=#{title}
</delete>
</mapper>