<?xml version="1.0" encoding="UTF-8"?>
<!DOCTYPE mapper PUBLIC "-//mybatis.org//DTD Mapper 3.0//EN"
  "http://mybatis.org/dtd/mybatis-3-mapper.dtd">
<mapper namespace="mapperInterface.NoticeMapper">



	<select id="selectList" resultType="vo.NoticeVO">
		select seq, title, regdate, id, cnt from notice
	</select>
	
	<select id="selectOne" resultType="vo.NoticeVO">
		select * from notice where seq = #{seq}
	</select>
	

	<!-- 원글입력 -->
	<insert id="insert">
		<selectKey keyProperty="seq" resultType="int" order="BEFORE">
			select nvl(max(seq),0)+1 from notice
		</selectKey>
		insert into notice values ( 
			#{seq},#{title},SYSTIMESTAMP,#{content},#{id},0)
	</insert>
	
	<update id="update">
		update notice set title=#{title}, content=#{content} where seq=#{seq}
	</update>
	
	<delete id="delete">
		DELETE from notice
		where seq=#{seq} 
	</delete>

</mapper>