<?xml version="1.0" encoding="UTF-8"?>
<beans:beans xmlns="http://www.springframework.org/schema/mvc"
	xmlns:xsi="http://www.w3.org/2001/XMLSchema-instance"
	xmlns:beans="http://www.springframework.org/schema/beans"
	xmlns:context="http://www.springframework.org/schema/context"
	xmlns:mybatis-spring="http://mybatis.org/schema/mybatis-spring"
	xmlns:security="http://www.springframework.org/schema/security"
	xsi:schemaLocation="http://www.springframework.org/schema/security http://www.springframework.org/schema/security/spring-security-5.2.xsd
		http://www.springframework.org/schema/mvc https://www.springframework.org/schema/mvc/spring-mvc.xsd
		http://mybatis.org/schema/mybatis-spring http://mybatis.org/schema/mybatis-spring-1.2.xsd
		http://www.springframework.org/schema/beans https://www.springframework.org/schema/beans/spring-beans.xsd
		http://www.springframework.org/schema/context https://www.springframework.org/schema/context/spring-context.xsd">

	<!-- DispatcherServlet Context: defines this servlet's request-processing infrastructure -->
	
	<!-- Enables the Spring MVC @Controller programming model -->
	<annotation-driven />

	<!-- Handles HTTP GET requests for /resources/** by efficiently serving up static resources in the ${webappRoot}/resources directory -->
	<resources mapping="/resources/**" location="/resources/" />

	
	<!-- Resolves views selected for rendering by @Controllers to .jsp resources in the /WEB-INF/views directory -->
	<beans:bean class="org.springframework.web.servlet.view.InternalResourceViewResolver">
		<beans:property name="prefix" value="/WEB-INF/views/" />
		<beans:property name="suffix" value=".jsp" />
	</beans:bean>
	
	<context:component-scan base-package="green.with.dodo, service, util" />
	<mybatis-spring:scan base-package="mapperInterface"/>
	
	<!-- ** Oracle -->
	<beans:bean id="dataSource" class="org.springframework.jdbc.datasource.DriverManagerDataSource">
		<beans:property name="driverClassName" value="oracle.jdbc.driver.OracleDriver"/>
		<beans:property name="url" value="jdbc:oracle:thin:@127.0.0.1:1521:xe"/>
		<beans:property name="username" value="system"/>
		<beans:property name="password" value="oracle"/>
	</beans:bean>
	
	<beans:bean id="sqlSessionFactory" class="org.mybatis.spring.SqlSessionFactoryBean"> 
		<beans:property name="dataSource" ref="dataSource" />
	</beans:bean>
	
	<!-- ~~~~~~~~~~~~~~~~~~~~~~~~~~~~~~~~~~~~~~~~~~~~~~~~~~~~~~~~~~~~ 
		 ** Image Upload & Download
		 1) Upload : MultipartResolver 설정 -->
	<beans:bean id="multipartResolver" 
			class="org.springframework.web.multipart.commons.CommonsMultipartResolver">
		<beans:property name="maxUploadSize" value="-1" />	
	</beans:bean>
	
	<beans:bean id="jsonView" class="net.sf.json.spring.web.servlet.view.JsonView" /> 
	<beans:bean id="viewResolver" 
			class="org.springframework.web.servlet.view.BeanNameViewResolver">
		<beans:property name="order" value="1" />
	</beans:bean>
	
	<security:global-method-security pre-post-annotations="enabled" secured-annotations="enabled"/>
	
</beans:beans>
